planificator,intarziere_medie_p99_ms
RR,125.13474576271184
WRR,147.48406779661022
LC,21.232881355932204
SED,36.165762711864396
NQ,36.77796610169492
