planificator,intarziere_medie_ms
RR,6.4667796610169495
WRR,7.259152542372883
LC,2.1999999999999997
SED,2.798474576271185
NQ,2.753898305084746
