planificator,intarziere_medie_p95_ms
RR,33.7835593220339
WRR,34.55627118644068
LC,8.30949152542373
SED,9.77169491525424
NQ,8.73220338983051
