algorithm,average_latency_ms
RR,44.025593220338976
WRR,42.86677966101694
LC,57.73779661016949
SED,25.1257627118644
NQ,29.716779661016947
