algorithm,average_latency_ms
RR,3.0628813559322046
WRR,3.1703389830508475
LC,3.8294915254237285
SED,2.4727118644067803
NQ,2.5330508474576274
