algorithm,average_latency_ms
RR,13.23559322033898
WRR,14.046440677966098
LC,15.756949152542372
SED,10.2335593220339
NQ,10.104915254237287
